{
	"format_version": "1.8.0",
	"animations": {
		"animation.arceus.ground_idle": {
			"loop": true,
			"animation_length": 2,
			"bones": {
				"root": {
					"rotation": {
						"0.0": [10, 0, 0],
						"0.5417": [8.63429, 0, 0],
						"0.9583": [7.55461, 0, 0],
						"1.0": [7.5, 0, 0],
						"1.5417": [8.86571, 0, 0],
						"1.9583": [9.94539, 0, 0],
						"2.0": [10, 0, 0]
					},
					"position": {
						"0.0": {
							"post": [0, 3.5, 0],
							"lerp_mode": "catmullrom"
						},
						"1.0": {
							"post": [0, 1.5, 0],
							"lerp_mode": "catmullrom"
						},
						"2.0": {
							"post": [0, 3.5, 0],
							"lerp_mode": "catmullrom"
						}
					}
				},
				"wisp1": {
					"rotation": {
						"0.0": [0, 0, 0],
						"0.75": [-27.5, 0, 0],
						"1.2917": [-7.5, 0, 0],
						"2.0": [0, 0, 0]
					}
				},
				"wisp2": {
					"rotation": {
						"0.0": [0, 0, 0],
						"0.4167": [17.5, 0, 0],
						"0.8333": [7.76, 0, 0],
						"1.5": [14.75, 0, 0],
						"2.0": [0, 0, 0]
					}
				},
				"wisp3": {
					"rotation": {
						"0.0": [0, 0, 0],
						"0.4167": [72.5, 0, 0],
						"0.9583": [-24.08, 0, 0],
						"2.0": [0, 0, 0]
					}
				},
				"front_left": {
					"rotation": {
						"0.0": [-10, 0, 0],
						"1.0": [12.5, 0, 0],
						"2.0": [-10, 0, 0]
					}
				},
				"elbow_left": {
					"rotation": {
						"0.0": [0, 0, 0],
						"1.0": [-30, 0, 0],
						"2.0": [0, 0, 0]
					}
				},
				"hand_left": {
					"rotation": {
						"0.0": [15, 0, 0],
						"1.0": [47.5, 0, 0],
						"2.0": [15, 0, 0]
					}
				},
				"front_right": {
					"rotation": {
						"0.0": [27.5, 0, 0],
						"1.0": [27.5, 0, 0],
						"2.0": [27.5, 0, 0]
					}
				},
				"elbow_right": {
					"rotation": {
						"0.0": [-35, 0, 0],
						"1.0": [-65, 0, 0],
						"2.0": [-35, 0, 0]
					}
				},
				"hand_right": {
					"rotation": {
						"0.0": [45, 0, 0],
						"1.0": [75, 0, 0],
						"2.0": [45, 0, 0]
					}
				},
				"hind_left": {
					"rotation": {
						"0.0": [-15, 0, 0],
						"1.0": [7.5, 0, 0],
						"2.0": [-15, 0, 0]
					}
				},
				"knee_left": {
					"rotation": {
						"0.0": [0, 0, 0],
						"1.0": [-27.5, 0, 0],
						"2.0": [0, 0, 0]
					}
				},
				"foot_left": {
					"rotation": {
						"0.0": [47.5, 0, 0],
						"1.0": [67.5, 0, 0],
						"2.0": [47.5, 0, 0]
					},
					"position": {
						"0.0": [0, -2, 0.75],
						"2.0": [0, -2, 0.75]
					}
				},
				"tail1": {
					"rotation": {
						"0.0": [0, 0, 0],
						"0.4167": [30, 0, 0],
						"0.7917": [0, 0, 0],
						"1.2917": [-37.5, 0, 0],
						"2.0": [0, 0, 0]
					}
				},
				"tail2": {
					"rotation": {
						"0.0": [0, 0, 0],
						"1.3333": [40, 0, 0],
						"2.0": [0, 0, 0]
					}
				},
				"tail3": {
					"rotation": {
						"0.0": [0, 0, 0],
						"1.0": [25, 0, 0],
						"1.5": [-37.5, 0, 0],
						"2.0": [0, 0, 0]
					}
				},
				"hind_right": {
					"rotation": {
						"0.0": [25, 0, 0],
						"1.0": [2.5, 0, 0],
						"2.0": [25, 0, 0]
					}
				},
				"knee_right": {
					"rotation": {
						"0.0": [-40, 0, 0],
						"1.0": [-15, 0, 0],
						"2.0": [-40, 0, 0]
					}
				},
				"foot_right": {
					"rotation": {
						"0.0": [52.5, 0, 0],
						"1.0": [25, 0, 0],
						"2.0": [52.5, 0, 0]
					}
				}
			}
		},
		"animation.arceus.air_idle": {
			"loop": true,
			"animation_length": 2,
			"bones": {
				"root": {
					"rotation": {
						"0.0": [10, 0, 0],
						"0.5417": [8.63429, 0, 0],
						"0.9583": [7.55461, 0, 0],
						"1.0": [7.5, 0, 0],
						"1.5417": [8.86571, 0, 0],
						"1.9583": [9.94539, 0, 0],
						"2.0": [10, 0, 0]
					},
					"position": {
						"0.0": {
							"post": [0, 3.5, 0],
							"lerp_mode": "catmullrom"
						},
						"1.0": {
							"post": [0, 1.5, 0],
							"lerp_mode": "catmullrom"
						},
						"2.0": {
							"post": [0, 3.5, 0],
							"lerp_mode": "catmullrom"
						}
					}
				},
				"wisp1": {
					"rotation": {
						"0.0": [0, 0, 0],
						"0.75": [-27.5, 0, 0],
						"1.2917": [-7.5, 0, 0],
						"2.0": [0, 0, 0]
					}
				},
				"wisp2": {
					"rotation": {
						"0.0": [0, 0, 0],
						"0.4167": [17.5, 0, 0],
						"0.8333": [7.76, 0, 0],
						"1.5": [14.75, 0, 0],
						"2.0": [0, 0, 0]
					}
				},
				"wisp3": {
					"rotation": {
						"0.0": [0, 0, 0],
						"0.4167": [72.5, 0, 0],
						"0.9583": [-24.08, 0, 0],
						"2.0": [0, 0, 0]
					}
				},
				"front_left": {
					"rotation": {
						"0.0": [-10, 0, 0],
						"1.0": [12.5, 0, 0],
						"2.0": [-10, 0, 0]
					}
				},
				"elbow_left": {
					"rotation": {
						"0.0": [0, 0, 0],
						"1.0": [-30, 0, 0],
						"2.0": [0, 0, 0]
					}
				},
				"hand_left": {
					"rotation": {
						"0.0": [15, 0, 0],
						"1.0": [47.5, 0, 0],
						"2.0": [15, 0, 0]
					}
				},
				"front_right": {
					"rotation": {
						"0.0": [27.5, 0, 0],
						"1.0": [27.5, 0, 0],
						"2.0": [27.5, 0, 0]
					}
				},
				"elbow_right": {
					"rotation": {
						"0.0": [-35, 0, 0],
						"1.0": [-65, 0, 0],
						"2.0": [-35, 0, 0]
					}
				},
				"hand_right": {
					"rotation": {
						"0.0": [45, 0, 0],
						"1.0": [75, 0, 0],
						"2.0": [45, 0, 0]
					}
				},
				"hind_left": {
					"rotation": {
						"0.0": [-15, 0, 0],
						"1.0": [7.5, 0, 0],
						"2.0": [-15, 0, 0]
					}
				},
				"knee_left": {
					"rotation": {
						"0.0": [0, 0, 0],
						"1.0": [-27.5, 0, 0],
						"2.0": [0, 0, 0]
					}
				},
				"foot_left": {
					"rotation": {
						"0.0": [47.5, 0, 0],
						"1.0": [67.5, 0, 0],
						"2.0": [47.5, 0, 0]
					},
					"position": {
						"0.0": [0, -2, 0.75],
						"2.0": [0, -2, 0.75]
					}
				},
				"tail1": {
					"rotation": {
						"0.0": [0, 0, 0],
						"0.4167": [30, 0, 0],
						"0.7917": [0, 0, 0],
						"1.2917": [-37.5, 0, 0],
						"2.0": [0, 0, 0]
					}
				},
				"tail2": {
					"rotation": {
						"0.0": [0, 0, 0],
						"1.3333": [40, 0, 0],
						"2.0": [0, 0, 0]
					}
				},
				"tail3": {
					"rotation": {
						"0.0": [0, 0, 0],
						"1.0": [25, 0, 0],
						"1.5": [-37.5, 0, 0],
						"2.0": [0, 0, 0]
					}
				},
				"hind_right": {
					"rotation": {
						"0.0": [25, 0, 0],
						"1.0": [2.5, 0, 0],
						"2.0": [25, 0, 0]
					}
				},
				"knee_right": {
					"rotation": {
						"0.0": [-40, 0, 0],
						"1.0": [-15, 0, 0],
						"2.0": [-40, 0, 0]
					}
				},
				"foot_right": {
					"rotation": {
						"0.0": [52.5, 0, 0],
						"1.0": [25, 0, 0],
						"2.0": [52.5, 0, 0]
					}
				}
			}
		},
		"animation.arceus.ground_walk": {
			"loop": true,
			"animation_length": 2,
			"bones": {
				"root": {
					"rotation": {
						"0.0": [20, 0, 0],
						"0.5417": [17.26858, 0, 0],
						"0.9583": [15.10922, 0, 0],
						"1.0": [15, 0, 0],
						"1.5417": [17.73142, 0, 0],
						"1.9583": [19.89078, 0, 0],
						"2.0": [20, 0, 0]
					},
					"position": {
						"0.0": {
							"post": [0, 3.5, 0],
							"lerp_mode": "catmullrom"
						},
						"1.0": {
							"post": [0, 1.5, 0],
							"lerp_mode": "catmullrom"
						},
						"2.0": {
							"post": [0, 3.5, 0],
							"lerp_mode": "catmullrom"
						}
					}
				},
				"head": {
					"rotation": {
						"0.0": [-12.5, 0, 0],
						"1.9583": [-12.5, 0, 0]
					}
				},
				"wisp1": {
					"rotation": {
						"0.0": [0, 0, 0],
						"0.75": [-27.5, 0, 0],
						"1.2917": [-7.5, 0, 0],
						"2.0": [0, 0, 0]
					}
				},
				"wisp2": {
					"rotation": {
						"0.0": [0, 0, 0],
						"0.4167": [60, 0, 0],
						"0.8333": [-12.24, 0, 0],
						"1.5": [14.75, 0, 0],
						"2.0": [0, 0, 0]
					}
				},
				"wisp3": {
					"rotation": {
						"0.0": [0, 0, 0],
						"0.4167": [72.5, 0, 0],
						"0.9583": [-24.08, 0, 0],
						"2.0": [0, 0, 0]
					}
				},
				"front_left": {
					"rotation": {
						"0.0": [-10, 0, 0],
						"1.0": [12.5, 0, 0],
						"2.0": [-10, 0, 0]
					}
				},
				"elbow_left": {
					"rotation": {
						"0.0": [0, 0, 0],
						"1.0": [-30, 0, 0],
						"2.0": [0, 0, 0]
					}
				},